ses_var,threshold,decile,n_voters,tau_F,se_F,p_F,ci_lo_F,ci_hi_F,bw_F,post_F,post_lo_F,post_hi_F,n_eff_l_F,n_eff_r_F,tau_M,se_M,p_M,ci_lo_M,ci_hi_M,bw_M,post_M,post_lo_M,post_hi_M,n_eff_l_M,n_eff_r_M,gap_MF,se_gap,p_gap
nbi,18,1,313064,0.2790589305988177,0.011653315192489733,9.991395661984983e-127,0.24886229479570984,0.3024132126449496,172.11598847665775,0.8125708020530734,0.8015888348372588,0.823552769268888,14041,13814,0.2504400814625045,0.014491291006435394,6.415769159907552e-67,0.21259691430224165,0.2776320597214233,108.07888633149284,0.7872111177271368,0.7734748113887534,0.8009474240655202,9159,8908,-0.028618849136313185,0.01859562502334104,0.1238019039367797
nbi,18,2,312990,0.2724495097183383,0.011849451361271884,5.5297517537511224e-117,0.2427327035178511,0.2982107426776068,176.81841678369088,0.7748740039479093,0.7629809687725212,0.7867670391232974,14738,14221,0.2579555303247931,0.01469677183508095,5.757403919062809e-69,0.21955621471308626,0.28433538713522744,116.07694765765433,0.7317003910839442,0.7172204307072262,0.7461803514606623,9619,9669,-0.014493979393545187,0.01887868109629422,0.4426397542364131
nbi,18,3,312353,0.2138546924870175,0.017090903895668374,6.356147045191913e-36,0.16961833926916556,0.24214998750913655,88.49145385854325,0.7568752736383608,0.7404398143267907,0.7733107329499309,6966,7057,0.2547383961487762,0.012056725189078816,4.367772523791843e-99,0.22322811493131745,0.2776499002956826,173.8017801237706,0.7298678294980184,0.7175983871718612,0.7421372718241757,14944,14406,0.0408837036617587,0.020915630955243496,0.05061894276577883
nbi,18,4,310325,0.27915445373338704,0.012228563134427975,2.4139906666015237e-115,0.24796005127230486,0.30466320021793697,170.7653926349603,0.763307698538771,0.7511590047173728,0.7754563923601692,13880,13491,0.2534203403459091,0.014206791885407112,3.5847881747235975e-71,0.2163099993383483,0.28020034210399075,123.3285423781938,0.7417856240482055,0.7273219901794522,0.7562492579169587,10384,10048,-0.02573411338747794,0.01874488442236869,0.1697956853261675
nbi,18,5,312771,0.22510810803092052,0.012356117705239401,3.6910147686238184e-74,0.1934956513670985,0.2508152259584497,171.85075232705077,0.7459111272630042,0.7335197545893547,0.7583024999366538,14090,13797,0.24036686439987953,0.012145292856453358,3.5627420420838646e-87,0.2113933838902831,0.26875088976149325,175.54150151631697,0.7146179440635904,0.7022649738383933,0.7269709142887875,15180,14856,0.015258756368959014,0.017325754913271384,0.37848134119717525
nbi,18,6,316145,0.20442368544618927,0.01353745118444268,1.6045755419080415e-51,0.16905659206095325,0.23064170263005224,147.64711783979223,0.7327396247023454,0.7191253589049901,0.7463538904997008,12211,11643,0.2084474779166331,0.012714306782809002,2.0860549768055334e-60,0.1751516446147848,0.23301237986135673,163.81748232295857,0.7024053760922269,0.6894104294176685,0.7154003227667852,14138,13844,0.004023792470443821,0.018571919166810724,0.8284733034329306
nbi,18,7,307516,0.19157516764601823,0.010779973031908287,1.1772470136542916e-70,0.16371581544110927,0.21343410478270117,234.17282219526444,0.7294998386164152,0.7186607017928519,0.7403389754399785,19504,19125,0.21559583882445144,0.010589011061173199,3.759850870133395e-92,0.19117915838306831,0.24116804829494065,243.3329608593181,0.6898516423452282,0.6790671506923909,0.7006361339980656,20630,20879,0.024020671178433206,0.015110756891112976,0.11191586194883385
nbi,18,8,313051,0.16515873887096988,0.014129622677283973,1.4537772264480073e-31,0.12831274487416222,0.18936657021225412,134.92951500186282,0.7250262234584475,0.7107433023162922,0.7393091446006027,11164,10513,0.19693220572846876,0.010020414556777673,5.438788531716775e-86,0.17173447012960216,0.2185778463839936,270.195283218146,0.676021550682862,0.6656650786410306,0.6863780227246933,23080,23554,0.03177346685749888,0.017322094125483196,0.06661333179395301
nbi,18,9,311623,0.1330885852349828,0.015709972225683225,2.4204711048962172e-17,0.09202147940360061,0.16170700332963073,109.88619516626109,0.7320826497351319,0.7162428210613797,0.7479224784088842,8819,8579,0.16297672683204145,0.013596771853434404,4.185685931739962e-33,0.1272571653875312,0.18778050642506214,144.30426990168192,0.6899546792071923,0.676055611195694,0.7038537472186907,12514,12064,0.02988814159705866,0.020776800335135445,0.1502824897806656
nbi,18,10,311400,0.14478414075869395,0.010261501030259664,3.321560822587496e-45,0.11873391490897592,0.16690809631742518,261.0630474840568,0.7038454986339615,0.693388856074376,0.7143021411935471,21895,22223,0.1472811799424688,0.010327018393865503,3.789257716745319e-46,0.12133511686743609,0.16972545643095777,263.95671668598067,0.6366624006874754,0.6258481949588737,0.6474766064160771,22486,22823,0.002497039183774863,0.014558355411970699,0.8638154423629707
nbi,70,1,201525,-0.056680081975823526,0.01147196008989538,7.782280735971708e-07,-0.08089311528256372,-0.02761687898066866,256.1707706402717,0.724806181114406,0.7121260222159015,0.7374863400129105,13055,12977,-0.04287131235649877,0.011644515611834974,0.00023170741565878278,-0.06785612034028175,-0.013434957166260992,314.3599926694428,0.7347155445841429,0.7217507282685316,0.7476803608997542,12904,12552,0.013808769619324757,0.016346272117471337,0.3982416821424244
nbi,70,2,200627,-0.040981505215637815,0.011031817594513315,0.000203327357189672,-0.06094642712444052,-0.012146697002400807,296.42394375978193,0.7142624131235872,0.7019121305802906,0.7266126956668838,14801,14779,-0.03826939119712813,0.009948337347705033,0.00011966434075712187,-0.06072809038420336,-0.013977540291432371,421.95060024778417,0.7354924293387276,0.7243282849791195,0.7466565736983357,18032,17198,0.0027121140185096815,0.014854979482394325,0.855133290352504
nbi,70,3,201977,-0.06250046319285585,0.009901108774837363,2.74614721764193e-10,-0.08128910103921375,-0.036646038398228414,375.52775512803044,0.6957108875584214,0.6846411056676593,0.7067806694491834,19291,18961,-0.0428696175824933,0.012449783187053365,0.0005744431634466846,-0.06953776697891942,-0.011402104946930204,280.7120347737968,0.7184504397953633,0.7048390451938152,0.7320618343969113,11887,11534,0.019630845610362546,0.015906887073711126,0.21716198322022606
nbi,70,4,202217,-0.04437946469531662,0.011549357983211527,0.00012174200971879906,-0.06598409581441686,-0.01409876256593437,282.599900215526,0.7037169103021488,0.6909633525666453,0.7164704680376522,14129,14037,-0.051073309606990636,0.011756764585025496,1.3980725453705243e-05,-0.08124115430899809,-0.027206603822950863,305.8109884161885,0.7103472620596721,0.6972520430259651,0.7234424810933792,13107,12719,-0.006693844911674018,0.0164805698727951,0.6846207335903198
nbi,70,5,200212,-0.04297616768651957,0.01346486836410102,0.0014142552309931748,-0.06798688256645906,-0.007755076810256851,220.28990718831272,0.6798618566394299,0.6650510067744778,0.694672706504382,10930,10727,-0.02882998786352442,0.013708031199783663,0.035453028858762024,-0.0536033823186161,0.0070674169478407885,235.0474597996353,0.7061805869507831,0.6911529435490207,0.7212082303525456,9838,9791,0.014146179822995153,0.019214910862057382,0.46160384805415977
nbi,70,6,201251,-0.08340755559678958,0.010570087138832748,3.00002478463884e-15,-0.11010691395497862,-0.06075434346504615,350.9524132933375,0.6684783579788558,0.6567225720872134,0.6802341438704982,17431,17191,-0.046056464318324775,0.009976071078389149,3.899021265496945e-06,-0.06977177020722951,-0.022838521031889176,432.48126858400644,0.7128108772319661,0.7017011031137815,0.7239206513501507,18923,18268,0.03735109127846481,0.014534398380517507,0.010174523348021713
nbi,70,7,199764,-0.05588906176140096,0.010004749273169949,2.320210027644708e-08,-0.08018327433451185,-0.032988910504782074,413.9285343771421,0.6787069719559456,0.6675485937454767,0.6898653501664146,20552,19703,-0.02857675227903933,0.012728969444831883,0.024767043849230574,-0.05344794850434122,0.004604200371836408,280.1157451434561,0.6981937685317104,0.6843468427332269,0.712040694330194,12164,11772,0.02731230948236163,0.01619017205425743,0.09160941839784997
nbi,70,8,202315,-0.058566402323890654,0.009932628324085683,3.7159643724453596e-09,-0.0833607944876784,-0.03706836251223923,410.4593261551862,0.6749360917405938,0.6639290398057246,0.6859431436754629,20259,19680,-0.011358016814238425,0.011278487500335613,0.31391006638313856,-0.03500664633483487,0.017336572914762552,348.1933258518603,0.6993982426447714,0.6871534019572816,0.7116430833322611,15844,15053,0.04720838550965223,0.015028685428860896,0.0016824642920394428
nbi,70,9,201587,-0.03464781037286091,0.01224608534152058,0.004665041009418487,-0.06015259391948214,-0.00324533082874489,283.7508923881172,0.6703183593004811,0.6570540027660853,0.683582715834877,13419,13428,-0.03939332226245518,0.012119568262936723,0.001152468839149078,-0.06573048418089986,-0.009042434490955903,300.7917985839279,0.6869392289837108,0.6736422222806194,0.7002362356868023,13658,13026,-0.004745511889594267,0.01722935115063212,0.782984484910834
nbi,70,10,199269,-0.028677593576110327,0.013569528903042331,0.034568114049562865,-0.05471274170970709,0.006726184778709905,264.3291588828598,0.6595430962994582,0.6450846210827108,0.6740015715162055,11607,11557,-0.020253801296501672,0.011989144010178667,0.09115332150115027,-0.047244844071574796,0.009376123961936867,320.730178261116,0.6664000704259404,0.6534641256985679,0.6793360151533129,15096,14263,0.008423792279608655,0.018107227527904547,0.6417759783997707
pca_index,18,1,313602,0.26880928570381735,0.012862880478367441,5.576226458259975e-97,0.23521896937204154,0.2933095646486054,133.22489702725267,0.8389358687815116,0.8271784073348606,0.8506933302281626,10782,10551,0.23237464017349352,0.014678853801025885,1.914750706470331e-56,0.19405215438972784,0.25863795091170355,97.9026541983671,0.8165349786329201,0.802872725739601,0.8301972315262393,8398,8143,-0.03643464553032383,0.01951723451497825,0.061930437722427456
pca_index,18,2,311564,0.25669663673771903,0.01457104068015444,1.8273318656431165e-69,0.21864367445449912,0.2824407187028141,117.67178096307586,0.785204545126792,0.7713440429262326,0.7990650473273515,9386,9200,0.27124928334235016,0.015057206750924586,1.4970796046614465e-72,0.23200341521193263,0.29744962674997993,108.56458422382887,0.751757874028977,0.7369336051901165,0.7665821428678374,9081,8791,0.014552646604631125,0.020953154932916534,0.4873483407329229
pca_index,18,3,311211,0.297073692576688,0.010615349965774762,2.4535721191283577e-172,0.27244298489942337,0.3225047556799279,229.48792960494336,0.7585835347874239,0.7479402019691389,0.7692268676057089,18807,18735,0.2794436016089452,0.010448617549107555,1.4287463889602147e-157,0.25566892621079756,0.30491681246280483,229.98965047144586,0.7349345099905668,0.7243129415481009,0.7455560784330326,19383,19678,-0.017630090967742762,0.014894940872101258,0.2365597694413406
pca_index,18,4,312578,0.273659117386442,0.012261066681671448,2.397152519996947e-110,0.24365306696558092,0.30130632923191386,168.2434209436341,0.7653577947917395,0.7531009011167987,0.7776146884666802,13970,13498,0.2684919257679695,0.013590022852296145,7.046320244905259e-87,0.23286172894375326,0.2937934434242997,137.25887078862536,0.7283232410920225,0.7145469796863739,0.7420995024976711,11734,11443,-0.005167191618472511,0.01830361924042142,0.777710138373124
pca_index,18,5,314318,0.23465372121836203,0.01420467928489779,2.6573899745133597e-61,0.1974290317392666,0.26072443053373884,128.82502787477242,0.7443359836679547,0.7301389723484739,0.7585329949874355,10769,10233,0.26434726310326906,0.010988338508639452,7.039711370656195e-128,0.2399908918327538,0.2916767307046644,210.9119065835547,0.7090691681390175,0.6977035395189397,0.7204347967590954,18465,18037,0.029693541884907027,0.01795874429817556,0.09824320822527355
pca_index,18,6,311051,0.19180537579667434,0.013215762999942067,9.968661582702404e-48,0.15708754050523097,0.2157913635708886,156.40951420536075,0.7212169123568041,0.7080287032598598,0.7344051214537484,12812,12496,0.2301984196704721,0.011852532944660677,5.041471466996452e-84,0.19937990927747717,0.2536234406222866,187.96205590476737,0.6944257002105356,0.6821880140526658,0.7066633863684054,16243,15712,0.03839304387379777,0.01775215279550355,0.030562253759600866
pca_index,18,7,310952,0.20031019604096212,0.010268049609956588,9.369024063719261e-85,0.1752652017285945,0.22371437944654327,256.6300626009355,0.7298866218419294,0.7193811995924598,0.740392044091399,21398,21196,0.16006260746137457,0.015698007934533062,2.0583399490820105e-24,0.11907321720014233,0.18767114153762596,115.03202274448721,0.6663249404575269,0.650641420657701,0.6820084602573527,9394,9485,-0.040247588579587545,0.01875793954316925,0.031902549335969255
pca_index,18,8,312322,0.14858132089678955,0.014907968323749993,2.13472424382567e-23,0.10955360498949329,0.17622681594076972,122.80744658435601,0.7215699650379908,0.7065299474229187,0.7366099826530628,9846,9651,0.1959892497346763,0.01083067665242777,3.442072031482814e-73,0.16951253091631066,0.22055941703874574,230.32213536422384,0.6699063705298562,0.6587061147577236,0.6811066263019889,19880,19965,0.04740792883788675,0.018426911740478304,0.010089260846403603
pca_index,18,9,320037,0.14714351222637612,0.013160707278584911,5.079318254543896e-29,0.11264403462555603,0.17062656697069714,157.01877456187808,0.6985347116347111,0.6851919007421647,0.7118775225272576,13677,12900,0.1709746444498889,0.010741620132220993,4.827873324261442e-57,0.14332666244542674,0.1929521010142486,230.37582241642653,0.6504606249334173,0.6393418225948928,0.6615794272719417,20555,20363,0.023831132223512796,0.016987837388482772,0.1606660586208486
pca_index,18,10,303603,0.08920947204785523,0.01419171180707844,3.256950309955265e-10,0.051917670175392484,0.11536350782619345,140.5934575929575,0.7270398587885759,0.7125313416017506,0.7415483759754012,11167,10857,0.10627177100840657,0.011881314796460995,3.738222495772536e-19,0.07559346809532545,0.13051664934582338,209.41081323931454,0.6477222994881456,0.6353221573140305,0.6601224416622608,17451,16909,0.017062298960551336,0.018508655415987747,0.35660414603405033
pca_index,70,1,202101,-0.031087792055693786,0.011240385393579784,0.005679676237192619,-0.05379846896151809,-0.00223019385463806,258.42581224028197,0.7414583504778054,0.7292569752493789,0.7536597257062319,13222,13292,-0.012031917426795435,0.012609646707819892,0.33999074124285433,-0.03565861584706932,0.02088777136742472,273.8149118834287,0.7402418511021795,0.7264167437229754,0.7540669584813837,10964,10602,0.01905587462889835,0.016892289776470056,0.2592856253544502
pca_index,70,2,200392,-0.05467100118810919,0.011289372625733386,1.280890952233887e-06,-0.07713302125645542,-0.025435868483637065,274.1497456498682,0.716565250615033,0.7040411582583282,0.7290893429717377,13870,13836,-0.02965527319525374,0.011075814456654039,0.007417825093190905,-0.053117885563594425,-0.0014806654182800728,345.89073198613397,0.7431093327009195,0.7306994214448472,0.7555192439569918,14342,13635,0.025015727992855452,0.01581529639813573,0.11370834417418929
pca_index,70,3,201230,-0.06399499432683886,0.00933339566795289,7.053809594607982e-12,-0.08355466305531599,-0.04021792716133289,413.90094509351667,0.70131315847557,0.6907604045666197,0.7118659123845202,21676,21101,-0.03657771135810617,0.01125694462494671,0.0011567056849524611,-0.05744555241355629,-0.007210242990247771,331.154369211128,0.7278878314791154,0.7152893062304645,0.7404863567277663,13862,13309,0.027417282968732692,0.014622964028666637,0.06080001117268896
pca_index,70,4,200891,-0.06107448832681106,0.012240098923016215,6.047142813359484e-07,-0.08560781930181634,-0.029490005881854842,252.35128045415965,0.6886232521634322,0.6751352976923385,0.702111206634526,12514,12603,-0.057818180043543665,0.011509939894715673,5.078424102746558e-07,-0.0865992078800139,-0.03276376695620026,324.16667346253917,0.711438472188954,0.6986658294740038,0.7242111149039041,13798,13426,0.003256308283267395,0.016801748064567273,0.8463264513163451
pca_index,70,5,201175,-0.052769399736655065,0.010617101001152334,6.687463613687741e-07,-0.07219225577489284,-0.02481060478915122,346.7841758095936,0.6868109658832402,0.6750180378839901,0.6986038938824903,17142,17140,-0.05181212420813941,0.012305720630158137,2.5490811521919832e-05,-0.08197772609623621,-0.024173191620357356,283.6547301862723,0.7102372437892416,0.696759319416614,0.7237151681618692,12114,11814,0.0009572755285156553,0.01625280264742575,0.9530324709791853
pca_index,70,6,200799,-0.07042127992893255,0.009888077316887383,1.064975692789626e-12,-0.09029501659580302,-0.04486836586739179,393.5311329679253,0.6811976887250604,0.6699928498480247,0.6924025276020961,19932,19062,-0.05188761187283608,0.010491394955041353,7.585885384347173e-07,-0.07906981476785535,-0.030945598116479785,398.1970662418845,0.6982360062751816,0.6866866442236369,0.7097853683267262,17316,16787,0.018533668056096464,0.01441677637779715,0.19859576762988196
pca_index,70,7,203002,-0.06284908621043728,0.009759546069021388,1.1966645849979865e-10,-0.0857866704439271,-0.03975209036400415,422.13480015433834,0.6753652764009371,0.6644491661914279,0.6862813866104464,21213,20439,-0.04074768025995845,0.00987793404917958,3.7053874418174044e-05,-0.06350281708446281,-0.01708074930191151,445.31730958554965,0.7059995530917872,0.6950175490686382,0.7169815571149362,20091,19028,0.022101405950478825,0.013886047693756929,0.11146857985673919
pca_index,70,8,201890,-0.05112753230954714,0.01081095890507777,2.253707845115624e-06,-0.07756241660488745,-0.026766197099182088,361.727821741386,0.6650099691777567,0.6531627284792735,0.6768572098762399,17781,17157,-0.02879047060859108,0.01197480780142571,0.01620554221008635,-0.0537048512071272,0.0018445936745599169,310.5400924579935,0.694954468593775,0.6818953959215074,0.7080135412660425,14127,13384,0.022337061700956062,0.01613297413152226,0.16618721959330385
pca_index,70,9,198193,-0.03501712736847673,0.012906860024063205,0.006666438460952532,-0.059453369132080165,-0.0012034249868376132,275.29913817897375,0.6547494510498592,0.6407296868535265,0.6687692152461918,12785,12402,-0.019059891291941855,0.01248252166005769,0.12677932535611885,-0.042473279526921384,0.013706270420887474,290.41294132340084,0.6912121654491815,0.6775933140506717,0.7048310168476913,13130,12691,0.015957236076534875,0.017955511206160915,0.37415914360076963
pca_index,70,10,201071,-0.03597854070159412,0.01388658418504175,0.009572951482362107,-0.06497048987906376,-0.0003176980686001238,261.7400268155745,0.6380624606030626,0.623351104092846,0.6527738171132792,11310,11316,-0.017882249991786336,0.011076664124558669,0.10643905906195568,-0.042174348609735374,0.009906853400934251,370.0727372357728,0.6507190815417717,0.6388713088958345,0.6625668541877089,18396,17257,0.018096290709807783,0.0177631559261449,0.30831964725547456
